compositionId,recipeId,quantity,unit,ingredientId
0,0,1.5,oz,627
1,0,1,oz,265
2,0,.5,oz,340
3,0,,,854
4,1,2,oz,494
5,1,.75,oz,1184
6,1,.5,oz,827
7,1,.5,oz,843
8,1,.25,oz,269
9,1,4,dash,266
10,1,,,782
11,2,1500,ml,594
12,2,750,ml,827
13,2,750,ml,913
14,2,.5,oz,1168
15,2,1,,1101
16,3,1.5,oz,984
17,3,.75,oz,521
18,3,.5,oz,296
19,3,.25,oz,190
20,3,1,bsp,620
21,4,1.25,oz,1078
22,4,4,drops,240
23,4,2,oz,984
24,4,.75,oz,424
25,4,.25,oz,217
26,4,3,dash,712
27,5,1,oz,494
28,5,1,oz,604
29,5,1,oz,701
30,5,.75,oz,827
31,5,2,dash,500
32,5,6-8,,445
33,5,,,60
34,6,2,oz,1194
35,6,1,oz,166
36,6,.5,oz,1208
37,6,.5,oz,656
38,6,.5,oz,86
39,7,1.5,oz,298
40,7,.5,oz,575
41,7,.75,oz,340
42,7,.5,oz,990
43,7,2,count,579
44,8,.75,oz,545
45,8,.5,oz,121
46,8,.25,oz,1078
47,8,.25,oz,166
48,8,3,oz,611
49,9,1,oz,1076
50,9,1.5,oz,368
51,9,.75,oz,895
52,9,,,682
53,9,,,957
54,10,1.5,oz,1055
55,10,.75,oz,728
56,10,.75,oz,13
57,10,.5,oz,135
58,10,.25,oz,363
59,11,1.5,oz,627
60,11,.25,oz,1006
61,11,.75,oz,79
62,11,2,dash,873
63,12,1.5,oz,494
64,12,.75,oz,832
65,12,.5,oz,75
66,12,6-7,,1154
67,12,.5,oz,310
68,12,1,oz,321
69,13,.75,oz,1078
70,13,.5,oz,1208
71,13,1,,23
72,13,.25,oz,340
73,13,5,dash,842
74,14,1.5,oz,494
75,14,1,oz,857
76,14,.5,oz,1081
77,14,.25,oz,1047
78,15,.75,oz,1078
79,15,.5,oz,494
80,15,.75,oz,1
81,15,.25,oz,827
82,15,1,dash,467
83,16,.75,oz,711
84,16,.75,oz,402
85,16,.75,oz,402
86,16,.75,oz,424
87,17,1,oz,1076
88,17,1,oz,398
89,17,.25,oz,907
90,17,.25,oz,646
91,17,2,dash,889
92,18,25,oz,1076
93,18,37.5,oz,843
94,18,37.5,oz,805
95,19,.75,c,494
96,19,.75,c,615
97,19,.5,c,827
98,19,.5,c,884
99,19,4,dash,1151
100,19,1,bottle,18
101,20,1.5,oz,1076
102,20,.5,oz,217
103,20,.25,oz,679
104,20,.75,oz,827
105,21,1.5,oz,550
106,21,.5,oz,1027
107,21,.5,oz,549
108,21,.5,oz,907
109,21,1,oz,996
110,21,3,dash,539
111,22,,,882
112,22,,,80
113,22,,,1086
114,22,,,929
115,22,,,783
116,23,1.5,oz,550
117,23,.5,oz,1078
118,23,.75,oz,967
119,23,.5,oz,397
120,23,.5,oz,532
121,24,1,oz,1076
122,24,.25,oz,187
123,24,,,365
124,25,2,oz,262
125,25,1,oz,1076
126,25,.25,oz,249
127,25,1,dash,1151
128,26,2,oz,1097
129,26,.25,oz,521
130,26,.25,oz,1078
131,26,2,dash,1151
132,27,1,oz,403
133,27,.5,oz,827
134,27,.5,oz,1081
135,27,.5,oz,397
136,27,,,554
137,28,1.5,oz,79
138,28,1,oz,556
139,28,.25,oz,30
140,28,1,dash,976
141,28,1,dash,969
142,29,1.5,oz,398
143,29,.5,oz,174
144,29,.5,oz,290
145,29,.375,oz,163
146,29,.375,oz,827
147,30,1.5,oz,470
148,30,1.5,oz,1124
149,30,.25,oz,1078
150,30,2,dash,757
151,31,1.5,oz,1027
152,31,.5,oz,1194
153,31,.5,oz,200
154,31,.75,oz,832
155,31,.75,oz,350
156,31,2,dash,1151
157,32,1,oz,408
158,32,1,oz,98
159,32,2,oz,533
160,32,.5,oz,166
161,32,.75,oz,397
162,32,3,dash,952
163,32,1,dash,1151
164,33,2,oz,1076
165,33,.75,oz,827
166,33,.75,oz,397
167,34,2,oz,291
168,34,1.5,oz,544
169,34,1,oz,1072
170,34,.25,oz,970
171,35,.75,oz,494
172,35,.75,oz,201
173,35,.75,oz,79
174,35,.75,oz,827
175,35,.75,oz,411
176,35,.5,oz,817
177,36,1,oz,904
178,36,.5,oz,1076
179,36,.5,oz,8
180,36,.75,oz,13
181,36,1,dash,1151
182,36,1,dash,692
183,37,2,oz,594
184,37,2,oz,832
185,37,1,oz,967
186,37,1,oz,397
187,38,2,oz,291
188,38,1.5,oz,277
189,38,1,oz,41
190,38,.5,oz,541
191,39,1,oz,494
192,39,1,oz,624
193,39,1,oz,1124
194,40,2,oz,262
195,40,.75,oz,1124
196,40,3,dash,1151
197,41,1,oz,653
198,41,1,oz,59
199,41,1,oz,860
200,42,2,oz,977
201,42,.75,oz,573
202,42,.75,oz,174
203,42,.25,oz,1078
204,43,1.5,oz,977
205,43,1.5,oz,816
206,43,.5,oz,1078
207,44,2,oz,1194
208,44,.25,oz,1078
209,44,.5,oz,397
210,44,1,dash,1151
211,44,1,dash,620
212,45,2,oz,658
213,45,.75,oz,967
214,45,.5,oz,532
215,45,.5,oz,1078
216,45,1,tsp,620
217,46,.75,oz,388
218,46,.75,oz,2
219,46,.75,oz,1078
220,46,.75,oz,340
221,47,1.5,oz,398
222,47,.5,oz,424
223,47,.75,oz,166
224,47,.75,oz,1046
225,47,.5,oz,86
226,48,1.5,oz,398
227,48,.75,oz,317
228,48,.75,oz,2
229,48,2,dash,475
230,48,1,splash,812
231,49,40,ml,550
232,49,2,dash,1151
233,49,,,758
234,50,2,oz,550
235,50,1.5,oz,254
236,50,.25,oz,646
237,50,,,887
238,50,1,,689
239,51,1.5,oz,494
240,51,.5,oz,827
241,51,.25,oz,1078
242,51,.25,oz,1215
243,51,3-4,oz,590
244,52,.75,oz,1078
245,52,.25,oz,1047
246,52,.5,oz,62
247,52,.25,oz,827
248,53,1,oz,653
249,53,1,oz,1076
250,53,.75,oz,907
251,53,.5,oz,646
252,53,2,oz,1187
253,54,1.5,oz,912
254,54,.5,oz,827
255,54,2,oz,366
256,54,2,oz,785
257,54,.5,oz,145
258,54,1,tsp,596
259,54,3,dash,981
260,55,1.5,oz,494
261,55,2,oz,32
262,55,,,185
263,56,2,oz,945
264,56,.5,oz,967
265,56,2-3,drops,1151
266,56,,,29
267,57,1,part,104
268,57,4,part,385
269,58,1,part,104
270,58,4,part,616
271,59,1.5,oz,222
272,59,1.5,oz,1016
273,59,1,splash,855
274,60,1,oz,808
275,60,1,oz,781
276,60,1,oz,1137
277,60,2,dash,412
278,60,3,oz,966
279,61,1,oz,1208
280,61,4,oz,313
281,62,1.5,oz,398
282,62,1,oz,207
283,62,.75,oz,311
284,62,.75,oz,646
285,62,.25,oz,752
286,62,3,,159
287,62,8,,958
288,62,1,,514
289,63,1.5,oz,98
290,63,.25,oz,311
291,63,3,oz,232
292,64,1,oz,1000
293,64,1,oz,521
294,64,.5,oz,162
295,64,.5,oz,741
296,65,1.5,oz,984
297,65,1,oz,441
298,65,.25,oz,292
299,65,.25,oz,155
300,65,,,353
301,66,1.5,oz,547
302,66,.25,oz,476
303,66,.5,oz,446
304,66,.75,oz,410
305,66,2,oz,113
306,66,.5,oz,600
307,66,.5,oz,340
308,67,2,oz,785
309,67,2,oz,872
310,67,1,oz,1076
311,67,1,dash,504
312,68,1,cube,258
313,68,,,756
314,68,.75,oz,550
315,68,,,139
316,69,2,oz,642
317,69,2,oz,24
318,69,3,oz,241
319,69,2,oz,340
320,69,1,oz,399
321,69,2,oz,397
322,70,1.5,oz,79
323,70,.75,oz,625
324,70,.75,oz,1087
325,70,2,dash,108
326,70,4,drops,335
327,70,2.5,oz,386
328,71,1,oz,494
329,71,1,oz,615
330,71,1,oz,275
331,71,2,dash,1151
332,71,1,dash,152
333,72,.75,oz,79
334,72,1,oz,494
335,72,.75,oz,521
336,72,.5,oz,157
337,72,2,dash,1068
338,73,5,oz,24
339,73,4,oz,162
340,73,3.5,oz,827
341,73,3.5,oz,155
342,74,1.5,oz,291
343,74,.5,oz,1076
344,74,1,oz,832
345,74,.5,oz,397
346,74,2,oz,637
347,74,1,,114
348,75,2,part,653
349,75,.5,part,946
350,75,.25,part,217
351,75,.5,part,311
352,75,1.5,part,923
353,76,,,1192
354,76,,,120
355,76,,,80
356,76,,,963
357,76,,,355
358,77,1,oz,79
359,77,1,oz,269
360,77,1,oz,653
361,77,.5,oz,769
362,78,1,oz,1076
363,78,1.5,oz,843
364,78,1.5,oz,805
365,79,7,oz,550
366,79,1,oz,978
367,79,7,oz,67
368,79,2,,827
369,79,,,758
370,80,1.5,oz,151
371,80,.75,oz,233
372,80,,,215
373,80,.75,oz,1208
374,80,1,oz,776
375,81,.75,oz,79
376,81,.75,oz,977
377,81,.75,oz,172
378,81,2,dash,976
379,81,4,drops,506
380,82,1.25,oz,984
381,82,.25,oz,1076
382,82,.5,oz,967
383,82,.25,oz,164
384,82,3-4,drops,821
385,82,4,oz,22
386,83,2,oz,398
387,83,.25,oz,656
388,83,1,bsp,1078
389,83,2,dash,1151
390,84,2,oz,1002
391,84,.75,oz,279
392,84,.5,oz,21
393,84,.25,oz,48
394,84,2,dash,713
395,85,1.5,oz,387
396,85,1.5,oz,686
397,85,.5,oz,26
398,85,.25,oz,397
399,86,35,ml,1076
400,86,125,ml,605
401,87,2,oz,370
402,87,2,oz,694
403,87,2,oz,112
404,88,2,oz,770
405,88,.5,oz,128
406,88,2,dashes,529
407,88,.25,oz,646
408,89,2,oz,770
409,89,.25,oz,263
410,89,2,dash,1069
411,89,2,dash,1105
412,90,2,oz,1002
413,90,10,ml,587
414,90,10,ml,484
415,91,.5,oz,1078
416,91,.5,oz,980
417,91,3,oz,125
418,92,2,oz,403
419,92,3,oz,313
420,92,1,splash,202
421,93,1,oz,79
422,93,1,oz,984
423,93,2,oz,469
424,93,1,dash,1078
425,94,1,oz,1175
426,94,1,scoop,527
427,94,,,854
428,95,1,oz,653
429,95,1,oz,624
430,95,1,oz,1199
431,96,1,oz,1007
432,96,1,oz,1076
433,96,.5,oz,1010
434,96,.75,oz,166
435,96,,,1181
436,96,1,dash,713
437,97,1,oz,398
438,97,.5,oz,494
439,97,.75,oz,224
440,97,.5,oz,588
441,97,1,dash,1151
442,98,1,oz,361
443,98,.67,oz,1076
444,98,.5,oz,967
445,98,3,oz,1209
446,98,.5,oz,102
447,99,1.5,oz,844
448,99,.75,oz,279
449,99,.75,oz,1124
450,99,2,dash,491
451,100,.75,oz,550
452,100,.75,oz,1078
453,100,.75,oz,2
454,100,.5,oz,340
455,100,.5,oz,832
456,101,2,oz,398
457,101,.5,oz,523
458,101,.5,oz,588
459,101,.375,oz,26
460,101,.375,oz,13
461,101,1,oz,481
462,101,1,,86
463,102,1.5,oz,244
464,102,.25,oz,1078
465,102,.5,oz,241
466,102,.75,oz,129
467,103,1.5,oz,398
468,103,.75,oz,7
469,103,.5,oz,201
470,103,.33,oz,155
471,103,.25,oz,65
472,104,1.5,oz,244
473,104,.5,oz,1076
474,104,.5,oz,907
475,104,.5,oz,667
476,104,.5,oz,936
477,104,2,oz,864
478,104,3,drops,949
479,105,1,oz,653
480,105,1,oz,754
481,105,.5,oz,279
482,105,.5,oz,1076
483,106,1.5,oz,494
484,106,.5,oz,1003
485,106,.25,oz,551
486,106,1,dash,1151
487,106,1,dash,354
488,106,.75,oz,989
489,107,1.5,oz,606
490,107,.75,oz,827
491,107,.5,oz,494
492,107,.5,oz,1173
493,107,.5,oz,194
494,107,.5,oz,1128
495,107,2,dash,9
496,107,2,dash,1142
497,108,1.5,oz,403
498,108,.5,oz,511
499,108,.5,oz,166
500,108,1,splash,763
501,109,1,oz,494
502,109,1,oz,1076
503,109,.5,oz,118
504,109,.75,oz,166
505,109,1,splash,31
506,110,2,oz,593
507,110,.5,oz,1076
508,110,.75,oz,26
509,110,.75,oz,1017
510,110,1,,86
511,110,,,537
512,111,1.5,oz,398
513,111,.5,oz,1087
514,111,2,dash,500
515,111,,,492
516,112,1.5,oz,1153
517,112,.5,oz,1076
518,112,.5,oz,1023
519,112,.5,oz,382
520,112,.75,oz,907
521,112,1,,936
522,112,1,dash,1151
523,113,2,oz,298
524,113,6,oz,158
525,113,1.5,tsp,1221
526,113,.5,oz,166
527,114,1.5,oz,1076
528,114,.5,oz,550
529,114,.5,oz,1052
530,114,.5,oz,1088
531,114,.75,oz,1082
532,114,1,dash,61
533,115,2,oz,98
534,115,1,oz,1074
535,115,.5,oz,690
536,115,.5,oz,530
537,116,1,oz,753
538,116,1,oz,98
539,116,2,oz,966
540,117,1.5,oz,441
541,117,.5,oz,907
542,117,.5,oz,424
543,117,.25,oz,1078
544,118,2,oz,298
545,118,1,oz,893
546,118,2,dash,1078
547,118,,,246
548,119,2,oz,494
549,119,.5,oz,1044
550,119,.25,oz,356
551,119,1,bsp,1078
552,119,1,bsp,299
553,119,2,dash,1211
554,120,1,oz,912
555,120,1.5,oz,441
556,120,1,bsp,424
557,120,1,dash,636
558,121,1.5,oz,494
559,121,.75,oz,640
560,121,.25,oz,555
561,121,2,dash,475
562,121,2,dash,500
563,122,1.5,oz,494
564,122,1.5,oz,76
565,122,1,dash,9
566,122,3,dash,906
567,123,1.5,oz,398
568,123,.75,oz,1098
569,123,.5,oz,424
570,123,.25,oz,483
571,124,1,oz,119
572,124,1.5,oz,561
573,124,.5,oz,315
574,124,.75,oz,827
575,125,1.5,part,977
576,125,.25,part,860
577,125,.75,part,1014
578,125,.5,part,521
579,125,1,part,767
580,125,1,part,166
581,125,.5,part,1164
582,125,2,part,1216
583,126,2,oz,298
584,126,.75,oz,166
585,126,.75,oz,532
586,126,.5,oz,397
587,126,,,352
588,126,,,186
589,127,2,oz,623
590,127,1,oz,1030
591,127,1,oz,282
592,127,4,dash,335
593,127,9,drops,471
594,128,1.5,oz,627
595,128,.75,oz,1210
596,128,.125,oz,764
597,128,8,dash,471
598,129,1,oz,59
599,129,1,oz,1100
600,129,.75,oz,588
601,129,.75,oz,166
602,129,1,bsp,523
603,130,2,oz,441
604,130,.5,oz,909
605,130,6,dash,374
606,130,3,dash,1019
607,131,1.5,oz,494
608,131,.5,oz,937
609,131,1.5,oz,133
610,131,.5,oz,827
611,131,.5,oz,1131
612,131,1,,86
613,131,,,288
614,132,1.5,oz,298
615,132,.75,oz,495
616,132,.75,oz,169
617,132,.75,oz,827
618,132,.5,oz,397
619,133,2,oz,547
620,133,.5,oz,827
621,133,.5,oz,656
622,133,.25,oz,42
623,133,.5,oz,245
624,133,.5,oz,86
625,134,4,oz,1026
626,134,1,bsp,367
627,135,1.5,oz,398
628,135,.75,oz,424
629,135,.5,oz,860
630,135,.25,oz,1027
631,135,.16,oz,1078
632,135,.5,oz,597
633,135,.5,oz,827
634,136,1.5,oz,550
635,136,.5,oz,166
636,136,.75,oz,846
637,136,1,oz,1056
638,136,3,oz,769
639,136,,,1174
640,136,,,797
641,136,,,326
642,136,,,797
643,136,,,358
644,136,,,87
645,136,,,67
646,136,,,833
647,137,1,oz,79
648,137,2,oz,653
649,137,2,dash,976
650,137,1,bsp,1078
651,138,1,oz,79
652,138,1.5,oz,984
653,138,.25,oz,81
654,138,2,dash,228
655,139,2,oz,142
656,139,.75,oz,827
657,139,.75,oz,893
658,139,.5,oz,332
659,139,.5,oz,1020
660,139,.5,oz,788
661,139,2,dash,1062
662,140,1.5,oz,424
663,140,.5,oz,907
664,140,.25,oz,646
665,140,.5,oz,936
666,140,1,dash,92
667,141,2,oz,1043
668,141,.75,oz,1084
669,141,.5,oz,323
670,141,2,dash,1151
671,142,1,oz,653
672,142,1,oz,754
673,142,.75,oz,1076
674,142,.5,oz,896
675,142,1,oz,1041
676,142,.5,oz,907
677,142,1,oz,31
678,143,4,oz,298
679,143,.5,oz,257
680,143,1,dash,521
681,144,2,oz,770
682,144,.75,oz,561
683,144,.25,oz,1078
684,144,4,dash,1011
685,145,1,oz,298
686,145,1,oz,494
687,145,.5,oz,754
688,146,2,oz,298
689,146,.25,oz,646
690,146,2,dash,636
691,146,1,dash,278
692,147,1.5,oz,79
693,147,.5,oz,830
694,147,.5,oz,1078
695,147,.5,oz,521
696,148,1.75,oz,653
697,148,.75,oz,155
698,148,.5,oz,311
699,148,.5,oz,430
700,148,1,,433
701,149,1.5,oz,947
702,149,.5,oz,1208
703,149,1,oz,166
704,149,.25,oz,1143
705,149,1,dash,364
706,150,2,oz,470
707,150,.5,oz,1001
708,150,.5,oz,832
709,150,.5,oz,340
710,150,.25,oz,933
711,150,.75,,1077
712,151,1.5,oz,653
713,151,1.5,oz,175
714,151,.75,oz,504
715,151,1,whole,863
716,152,.75,oz,984
717,152,.75,oz,36
718,152,.5,oz,338
719,152,.5,oz,13
720,152,.25,oz,225
721,152,1,bsp,750
722,153,1.5,oz,98
723,153,.75,oz,670
724,153,.75,oz,975
725,153,.25,oz,65
726,153,1,tincture,713
727,153,1,tincture,636
728,154,1.5,oz,98
729,154,.75,oz,687
730,154,.5,oz,178
731,154,.5,oz,646
732,155,1,oz,79
733,155,1,oz,101
734,155,2,dash,976
735,155,.25,oz,479
736,155,1,oz,386
737,155,1,oz,1129
738,156,9,oz,615
739,156,6,oz,17
740,156,6,oz,313
741,156,3,oz,1076
742,156,2,oz,827
743,156,1.5,oz,155
744,156,.5,oz,949
745,157,1.5,oz,1043
746,157,1,oz,1045
747,157,.75,oz,845
748,157,.5,oz,827
749,157,.25,oz,888
750,158,2,oz,494
751,158,.5,oz,279
752,158,1,bsp,1149
753,158,1,dash,1151
754,158,1,dash,713
755,159,2,oz,1002
756,159,1,oz,166
757,159,.5,oz,452
758,159,1,oz,1124
759,160,1.5,oz,494
760,160,.5,oz,1078
761,160,1,oz,1020
762,160,.75,oz,827
763,160,1,dash,757
764,160,,,608
765,161,2,oz,1096
766,161,0.5,oz,1076
767,161,3,dash,90
768,162,2,oz,298
769,162,.5,oz,1076
770,162,.75,oz,340
771,162,,,758
772,163,1.5,oz,298
773,163,.75,oz,1173
774,163,.5,oz,827
775,163,2,dash,976
776,163,,,732
777,164,2,oz,298
778,164,.5,oz,1076
779,164,3,oz,839
780,164,1,oz,166
781,164,.5,oz,249
782,164,.5,oz,86
783,164,2,dash,1151
784,165,1.5,oz,472
785,165,.5,oz,607
786,165,.5,oz,218
787,165,1,oz,1219
788,166,2,oz,244
789,166,1,oz,893
790,166,.25,oz,581
791,166,1,dash,460
792,167,2,oz,619
793,167,1,oz,1124
794,167,1,dash,757
795,168,1,oz,79
796,168,1,oz,777
797,168,.75,oz,668
798,168,1,oz,386
799,168,1,dash,475
800,169,1.5,oz,494
801,169,.75,oz,654
802,169,.75,oz,827
803,169,.75,oz,626
804,169,1,oz,832
805,170,2,oz,470
806,170,.75,oz,1124
807,170,.25,oz,1078
808,170,2,dash,976
809,171,1.5,oz,470
810,171,1,oz,680
811,171,1,oz,201
812,172,1.5,oz,79
813,172,1,oz,55
814,172,.75,oz,1003
815,173,1,part,653
816,173,1,part,1171
817,173,1,part,634
818,173,.5,part,1172
819,173,.33,part,489
820,173,,,1186
821,174,1.5,oz,1132
822,174,.75,oz,318
823,174,.75,oz,254
824,174,.625,oz,337
825,175,1,oz,653
826,175,.75,oz,827
827,175,.5,oz,1076
828,175,.5,oz,1172
829,176,1.5,oz,653
830,176,.5,oz,177
831,176,1,bsp,1027
832,176,1,oz,254
833,176,.75,oz,646
834,176,5,leaves,1125
835,177,1,oz,628
836,177,1,oz,615
837,177,1,oz,403
838,178,1.5,oz,470
839,178,1,oz,94
840,178,.5,oz,279
841,178,3,dash,1151
842,179,2,oz,494
843,179,.5,oz,931
844,179,1,bsp,230
845,179,3,dash,400
846,180,.75,oz,79
847,180,.75,oz,562
848,180,2.5,oz,313
849,181,1,oz,79
850,181,.25,oz,305
851,181,.75,oz,565
852,181,2,oz,313
853,182,.75,oz,79
854,182,.75,oz,54
855,182,.75,oz,250
856,182,.75,oz,637
857,182,2,dash,1138
858,182,1,dash,82
859,182,,,77
860,183,.5,oz,79
861,183,1,oz,494
862,183,1.5,oz,443
863,183,1,ml,1065
864,184,1.25,oz,1102
865,184,.5,oz,410
866,184,.25,oz,1115
867,184,1,oz,340
868,184,.5,oz,735
869,184,1,,707
870,184,3,dash,1151
871,185,1.5,oz,619
872,185,.25,oz,500
873,185,4,oz,384
874,185,2-3,oz,671
875,186,1.5,oz,126
876,186,.75,oz,121
877,186,.75,oz,340
878,186,.25,oz,1078
879,186,.125,oz,1157
880,187,1.5,oz,470
881,187,1,oz,893
882,187,.5,oz,1208
883,187,.5,oz,827
884,188,2,oz,98
885,188,2,oz,231
886,188,1,oz,1187
887,188,1,tincture,822
888,189,1.5,oz,494
889,189,1,oz,72
890,189,1,oz,340
891,189,8-9,drops,798
892,189,6,,862
893,190,2,oz,550
894,190,3,oz,1158
895,190,.5,oz,340
896,191,2,oz,550
897,191,3,oz,22
898,191,.5,oz,340
899,192,3,oz,834
900,192,.5,oz,1076
901,192,.25,oz,300
902,192,.25,oz,875
903,193,1.5,oz,661
904,193,.5,oz,1076
905,193,1,oz,1159
906,193,1,oz,281
907,193,2,dash,436
908,193,,,389
909,194,4,pieces,13
910,194,1-2,Tbsp,293
911,194,1,,1122
912,195,1,oz,550
913,195,1,,139
914,195,1,dash,636
915,195,1,dash,1189
916,195,1,dash,217
917,196,2,oz,550
918,196,.5,oz,1107
919,196,.5,oz,907
920,196,.25,oz,646
921,197,1.5,oz,615
922,197,.75,oz,588
923,197,.5,oz,827
924,197,1,oz,802
925,197,.5,,936
926,198,1.25,oz,1027
927,198,1,oz,317
928,198,1,oz,827
929,198,.75,oz,1151
930,198,1,,86
931,199,1.5,oz,1194
932,199,.5,oz,1027
933,199,.5,oz,376
934,199,.75,oz,827
935,199,1,,86
936,200,1,oz,653
937,200,.5,oz,1076
938,200,.25,oz,775
939,200,3,spoon,293
940,200,1,whole,863
941,200,.5,oz,417
942,200,.5,oz,437
943,201,1,oz,262
944,201,1,oz,1076
945,201,.25,oz,2
946,201,.75,oz,451
947,201,2,dash,650
948,201,1,whole,863
949,202,2,oz,984
950,202,.75,oz,311
951,202,.75,oz,343
952,202,1,,936
953,203,1.5,oz,653
954,203,.5,oz,1139
955,203,.25,oz,528
956,203,.25,oz,838
957,203,.5,oz,809
958,203,.25,oz,154
959,203,.5,oz,196
960,204,30,ml,550
961,204,15,ml,507
962,204,15,oz,555
963,204,1,whole,863
964,204,,,880
965,205,40,ml,550
966,205,10,ml,624
967,205,10,ml,192
968,205,10,ml,907
969,205,10,ml,1041
970,205,25,ml,936
971,206,.5,oz,398
972,206,.5,oz,673
973,206,.5,oz,348
974,206,.5,oz,106
975,206,.5,oz,322
976,206,1,tsp,925
977,206,1,whole,863
978,206,,,582
979,207,1.5,oz,550
980,207,2.5,oz,503
981,207,1,Tbsp,279
982,207,1,dash,1048
983,208,1,oz,594
984,208,1.25,oz,1076
985,208,.5,oz,1059
986,208,.5,oz,907
987,208,.5,oz,936
988,209,50,ml,1076
989,209,4,,1008
990,209,25,ml,178
991,209,15,ml,43
992,209,25,ml,936
993,210,2,oz,615
994,210,.75,oz,827
995,210,.75,oz,44
996,210,.5,oz,86
997,211,2,oz,547
998,211,.5,oz,2
999,211,.5,oz,311
1000,211,1,oz,996
1001,211,.5,oz,1212
1002,211,.5,oz,86
1003,212,1.5,oz,1027
1004,212,8,oz,1209
1005,212,,,718
1006,212,,,91
1007,213,2,oz,627
1008,213,2,oz,987
1009,213,1,tsp,197
1010,213,1,,13
1011,213,,,124
1012,213,12,,1154
1013,213,,,5
1014,214,1,oz,627
1015,214,.75,oz,801
1016,214,.5,oz,1078
1017,214,.75,oz,340
1018,215,1,oz,953
1019,215,1,oz,371
1020,215,.75,oz,340
1021,215,.5,oz,860
1022,215,.5,oz,1135
1023,215,.5,oz,1020
1024,215,2,dash,1151
1025,216,1,oz,1175
1026,216,.25,oz,341
1027,216,6,oz,855
1028,217,2,oz,398
1029,217,.5,oz,438
1030,217,3,dash,1151
1031,218,1.5,oz,98
1032,218,.5,oz,1027
1033,218,.5,oz,65
1034,218,.5,oz,1041
1035,218,.5,oz,504
1036,219,1.5,oz,16
1037,219,.5,oz,1076
1038,219,.5,oz,1038
1039,219,3,dash,1151
1040,219,,,389
1041,220,.5,oz,547
1042,220,.5,oz,674
1043,221,1,oz,586
1044,221,3,oz,664
1045,221,1,oz,438
1046,221,1,oz,827
1047,222,1.5,oz,653
1048,222,.5,oz,528
1049,222,.5,oz,403
1050,222,3,oz,1193
1051,223,1.5,oz,547
1052,223,.75,oz,1208
1053,223,.5,oz,967
1054,223,1,,964
1055,224,.75,oz,860
1056,224,.75,oz,594
1057,224,.75,oz,1087
1058,224,2,oz,38
1059,224,2,oz,1187
1060,225,2,oz,984
1061,225,1,oz,254
1062,225,1,oz,646
1063,225,.5,oz,936
1064,225,3,dash,636
1065,226,2,oz,627
1066,226,1,oz,487
1067,226,.75,oz,231
1068,226,.5,oz,254
1069,227,2,part,222
1070,227,1,part,967
1071,227,.5,part,127
1072,227,.5,part,264
1073,228,2,part,291
1074,228,.5,part,247
1075,228,.5,part,39
1076,228,.25,part,967
1077,228,.25,part,127
1078,228,,,1029
1079,229,1.5,oz,565
1080,229,1.25,oz,848
1081,229,.5,oz,967
1082,229,.75,oz,982
1083,229,1,,86
1084,230,1.5,oz,550
1085,230,.75,oz,25
1086,230,1,oz,311
1087,231,1.5,oz,470
1088,231,.5,oz,184
1089,231,.75,oz,827
1090,231,1.5,oz,3
1091,232,1,oz,1003
1092,232,1,bottle,595
1093,233,1,oz,79
1094,233,2.5,oz,470
1095,233,2,bsp,1161
1096,233,2,bsp,161
1097,234,1.25,oz,262
1098,234,.75,oz,935
1099,234,2,oz,422
1100,234,.75,oz,283
1101,234,3,dash,564
1102,235,1,pkg,0
1103,235,14,oz,349
1104,235,1.5,c,258
1105,235,.5,c,1081
1106,235,.3,c,1076
1107,235,8,whole,405
1108,235,6,,1024
1109,235,5,,107
1110,235,1,stick,0
1111,235,2,in,1174
1112,236,2,oz,477
1113,236,.75,oz,674
1114,236,3,dash,713
1115,237,2,oz,189
1116,237,1.75,oz,1208
1117,237,1,oz,282
1118,237,1,oz,967
1119,237,.5,tsp,703
1120,237,10,dash,223
1121,237,3,,583
1122,237,1,oz,818
1123,237,1,tsp,702
1124,238,1,oz,917
1125,238,.75,oz,652
1126,238,.75,oz,10
1127,238,2,Tbsp,988
1128,238,1,pinch,985
1129,239,2,oz,743
1130,239,.5,oz,542
1131,239,.5,oz,178
1132,239,.5,oz,914
1133,239,1.5,oz,1140
1134,239,4,inch,1057
1135,240,2,oz,98
1136,240,.5,oz,453
1137,240,.75,oz,925
1138,240,.75,oz,898
1139,240,1,tincture,1217
1140,240,.75,oz,567
1141,240,1,,86
1142,241,1.5,oz,98
1143,241,.5,oz,166
1144,241,1,oz,1039
1145,241,.75,oz,843
1146,241,1,tincture,1114
1147,241,10,,535
1148,242,2,oz,98
1149,242,.75,oz,706
1150,242,.5,oz,199
1151,242,.5,oz,753
1152,242,2,oz,123
1153,243,1.5,oz,206
1154,243,1.5,oz,22
1155,243,.5,oz,654
1156,243,.25,oz,925
1157,243,.25,oz,109
1158,243,1,bsp,617
1159,243,1,tincture,90
1160,244,2,oz,98
1161,244,.75,oz,996
1162,244,.5,oz,254
1163,244,.5,oz,1133
1164,245,1.5,oz,324
1165,245,.75,oz,1144
1166,245,.5,oz,178
1167,245,1,oz,442
1168,245,1,tincture,772
1169,246,1,oz,98
1170,246,1,oz,1032
1171,246,1.5,oz,482
1172,247,1.5,oz,298
1173,247,.75,oz,1006
1174,247,2,oz,437
1175,247,2,oz,858
1176,248,1,oz,98
1177,248,2.5,oz,719
1178,248,2,oz,369
1179,249,1,oz,912
1180,249,.5,oz,860
1181,249,.33,oz,217
1182,249,.75,oz,907
1183,249,.5,oz,699
1184,249,4,dash,636
1185,249,3,dash,792
1186,250,25,ml,653
1187,250,25,ml,1076
1188,250,12.5,ml,1037
1189,250,150,ml,983
1190,251,1.5,oz,98
1191,251,.5,oz,801
1192,251,.5,oz,1070
1193,251,.5,oz,178
1194,251,.5,oz,991
1195,251,4-5,pc,319
1196,251,2,dashes,1165
1197,252,.75,oz,317
1198,252,.75,oz,398
1199,252,.75,oz,893
1200,252,1,bsp,65
1201,252,2,dash,1151
1202,252,2,dash,713
1203,253,1.5,oz,627
1204,253,.5,oz,166
1205,253,1,oz,485
1206,253,.5,oz,501
1207,253,1,dash,167
1208,254,2,oz,550
1209,254,2,dash,90
1210,254,.5,oz,1208
1211,254,.5,oz,217
1212,255,50,ml,550
1213,255,50,ml,1177
1214,255,.5,,13
1215,255,,,124
1216,255,1,,457
1217,255,1,,836
1218,256,1.75,oz,1203
1219,256,.5,oz,609
1220,256,,,647
1221,256,3,dash,1069
1222,256,3,dash,643
1223,257,1,part,653
1224,257,1,part,1076
1225,257,.5,part,1037
1226,257,6,part,983
1227,258,1,oz,494
1228,258,.75,oz,255
1229,258,.5,oz,1053
1230,258,.5,oz,827
1231,258,,,411
1232,258,,,110
1233,259,1.5,oz,494
1234,259,1,oz,296
1235,259,.25,oz,1111
1236,259,.75,oz,827
1237,259,1,,233
1238,260,2,oz,653
1239,260,1,oz,178
1240,260,1,oz,646
1241,260,5,leaves,958
1242,261,1,oz,799
1243,261,.75,oz,860
1244,261,1,oz,1188
1245,261,3,oz,313
1246,261,,,419
1247,261,2,sprigs,514
1248,262,2.5,oz,675
1249,262,.5,oz,372
1250,262,4,dash,757
1251,263,1.5,oz,370
1252,263,.25,oz,504
1253,263,3,,1123
1254,263,4,,421
1255,263,,,29
1256,264,2,oz,619
1257,264,.5,oz,1124
1258,264,.5,oz,131
1259,264,2,dash,757
1260,265,1.5,oz,494
1261,265,.5,oz,397
1262,265,.5,oz,340
1263,265,.25,oz,1012
1264,265,4,,999
1265,266,2,oz,1002
1266,266,.5,oz,733
1267,266,.25,oz,768
1268,266,3,dash,234
1269,267,1.5,oz,550
1270,267,1,oz,1006
1271,267,1.5,oz,1218
1272,267,.75,oz,646
1273,268,2,oz,1203
1274,268,.25,oz,627
1275,268,.25,oz,1078
1276,268,2,drops,164
1277,268,3,dash,643
1278,268,2,cubes,293
1279,269,1,oz,1078
1280,269,3,oz,759
1281,269,.5,oz,1021
1282,269,1,oz,827
1283,269,,,897
1284,270,2,oz,98
1285,270,1,oz,351
1286,270,.5,oz,518
1287,270,.5,oz,270
1288,270,.5,pc,536
1289,270,4-5,sprigs,885
1290,271,1.5,oz,98
1291,271,1,oz,992
1292,271,.5,oz,65
1293,271,.5,oz,907
1294,271,.25,oz,515
1295,271,1,bsp,941
1296,271,.5,bsp,246
1297,272,1,,720
1298,272,1,,428
1299,272,1,,1213
1300,272,,,1130
1301,272,3-4,,1067
1302,272,1,,1134
1303,272,1,,1051
1304,272,.5-1,oz,320
1305,273,1.5,oz,1076
1306,273,1,oz,454
1307,273,4,oz,760
1308,273,1,stick,534
1309,274,2,oz,547
1310,274,1,oz,340
1311,274,.5,oz,1145
1312,274,.5,oz,127
1313,275,1,oz,494
1314,275,1,oz,424
1315,275,1.5,oz,986
1316,275,.5,oz,448
1317,275,.5,oz,254
1318,275,3,dashes,636
1319,276,3,c,550
1320,276,3,c,1081
1321,276,3,c,832
1322,276,3,c,49
1323,276,.25,c,555
1324,276,1,,1182
1325,277,1,oz,494
1326,277,5,oz,116
1327,277,1,oz,566
1328,277,.5,oz,496
1329,277,2,dash,932
1330,277,2,dash,869
1331,278,.75,oz,494
1332,278,.75,oz,398
1333,278,.75,oz,162
1334,278,.75,oz,959
1335,278,2,dash,78
1336,278,2,dash,976
1337,278,,,641
1338,279,.5,oz,1078
1339,279,.75,oz,860
1340,279,1,oz,166
1341,279,.25,oz,397
1342,279,1,oz,221
1343,279,3,oz,855
1344,280,1,oz,398
1345,280,.5,oz,1081
1346,280,.75,oz,827
1347,280,.25,oz,1022
1348,280,.5,oz,397
1349,280,1,dash,1151
1350,281,1,oz,653
1351,281,1,oz,1124
1352,281,1,oz,279
1353,282,2,oz,298
1354,282,.75,oz,340
1355,282,.5,oz,226
1356,282,2,oz,150
1357,282,1,pinch,1174
1358,283,1,part,494
1359,283,1,part,1076
1360,283,1,part,624
1361,283,1,part,573
1362,284,37.5,oz,1002
1363,284,6.25,oz,1027
1364,284,12.5,oz,166
1365,284,12.5,oz,1083
1366,284,6.25,oz,397
1367,284,37.5,oz,672
1368,285,1.5,oz,244
1369,285,1,oz,654
1370,285,.25,oz,831
1371,285,3,dash,704
1372,285,3,dash,51
1373,286,.75,oz,141
1374,286,.75,oz,166
1375,286,1,dash,397
1376,286,1,,73
1377,287,2,oz,594
1378,287,1,oz,860
1379,287,2,oz,96
1380,287,1,pinch,930
1381,287,1,scoop,560
1382,288,.75,oz,722
1383,288,.75,oz,79
1384,288,.75,oz,1208
1385,288,.75,oz,967
1386,288,.25,oz,1164
1387,289,2.5,oz,98
1388,289,.5,oz,852
1389,289,4,dash,577
1390,289,3,,274
1391,290,1.5,oz,550
1392,290,1,oz,311
1393,290,.75,oz,646
1394,290,2,,958
1395,290,,,5
1396,290,3,,209
1397,290,,,5
1398,291,2,oz,98
1399,291,.75,oz,166
1400,291,1,oz,473
1401,291,3,dash,704
1402,291,5,,1155
1403,291,16,whole,973
1404,292,2,oz,550
1405,292,1,oz,254
1406,293,2,oz,1076
1407,293,1,oz,311
1408,293,.5,oz,210
1409,293,2,oz,1187
1410,294,2,oz,546
1411,294,.5,oz,578
1412,294,1,bsp,1208
1413,294,1,,739
1414,294,1,dash,865
1415,294,1,dash,1195
1416,295,2,oz,298
1417,295,3,,1054
1418,295,4,,519
1419,295,.75,oz,340
1420,295,.5,oz,273
1421,295,.5,oz,403
1422,295,1,pinch,563
1423,296,2.5,oz,619
1424,296,.25,oz,357
1425,296,2,dash,704
1426,296,5,dash,1151
1427,296,1,disc,1148
1428,296,1,disc,26
1429,296,1,slice,1071
1430,297,2,oz,984
1431,297,.5,oz,397
1432,297,.5,oz,1081
1433,297,.5,oz,26
1434,297,1,bsp,1025
1435,297,4,dash,303
1436,297,3,,1035
1437,297,2,,83
1438,298,2,oz,770
1439,298,1,oz,755
1440,298,1,slice,825
1441,298,1,dash,312
1442,299,2,oz,770
1443,299,.5,oz,424
1444,299,3,dash,271
1445,300,1,oz,550
1446,300,.5,oz,403
1447,300,.5,oz,646
1448,300,.5,oz,907
1449,300,1,,836
1450,300,4,pieces,404
1451,300,3,pieces,655
1452,301,1.5,oz,550
1453,301,.5,oz,646
1454,301,.5,oz,907
1455,301,.5,oz,279
1456,301,1,,836
1457,301,4,pieces,105
1458,301,4,pieces,655
1459,302,1,oz,1078
1460,302,.5,oz,276
1461,302,.75,oz,340
1462,302,3,,920
1463,302,1,oz,763
1464,303,1,oz,1078
1465,303,.5,oz,276
1466,303,.75,oz,340
1467,303,3,,920
1468,304,1.5,oz,477
1469,304,.5,oz,581
1470,304,.75,oz,231
1471,304,.5,oz,907
1472,304,.5,oz,646
1473,304,4,pieces,974
1474,304,4,oz,1073
1475,305,2,oz,179
1476,305,.5,oz,746
1477,305,.5,oz,867
1478,305,.25,oz,1076
1479,306,1.5,oz,547
1480,306,1,oz,516
1481,306,.5,oz,967
1482,306,.5,oz,164
1483,306,,,87
1484,306,,,1214
1485,307,.5,tsp,703
1486,307,1,,429
1487,307,2,oz,524
1488,307,.25,tsp,738
1489,307,.25,tsp,1078
1490,307,5,dash,223
1491,308,1,oz,340
1492,308,1,spg,333
1493,308,2,oz,590
1494,308,1,oz,494
1495,309,1,oz,581
1496,309,1,oz,222
1497,309,.5,oz,835
1498,309,5,,866
1499,309,1,,488
1500,310,1.5,oz,653
1501,310,.75,oz,581
1502,310,.75,oz,1087
1503,310,1,oz,254
1504,310,.5,,327
1505,311,2,,866
1506,311,2,,211
1507,311,2,oz,148
1508,311,1,oz,1076
1509,311,.75,oz,166
1510,311,.5,oz,397
1511,311,.5,oz,86
1512,311,.5,oz,309
1513,312,2.5,oz,262
1514,312,.5,oz,1076
1515,312,3-4,dash,1151
1516,312,,,684
1517,313,2,oz,494
1518,313,.5,oz,624
1519,313,.5,oz,155
1520,313,1,oz,340
1521,313,.5,oz,397
1522,313,3,,747
1523,314,1.5,oz,494
1524,314,1,oz,267
1525,314,.75,oz,827
1526,314,.5,oz,868
1527,314,1,,1066
1528,314,8,,392
1529,315,1.5,oz,653
1530,315,1,oz,1076
1531,315,1,oz,1041
1532,315,1,dash,646
1533,315,2,,209
1534,315,,,5
1535,315,2,,920
1536,315,,,5
1537,316,1.5,oz,331
1538,316,1,oz,1076
1539,316,.75,oz,26
1540,316,.5,oz,965
1541,316,.5,oz,936
1542,317,1.5,oz,201
1543,317,1,oz,561
1544,317,2,dash,976
1545,318,2,oz,398
1546,318,.5,oz,754
1547,318,.25,oz,1078
1548,318,1,dash,1151
1549,318,2,dash,1011
1550,319,2,oz,291
1551,319,1,oz,856
1552,319,1,oz,1091
1553,319,.5,oz,1107
1554,319,.5,oz,314
1555,319,1,handful,794
1556,319,2,dash,510
1557,320,1.5,oz,19
1558,320,.75,oz,815
1559,320,.5,oz,424
1560,320,5,dash,1069
1561,321,2,oz,494
1562,321,4,oz,776
1563,321,3,cubes,1150
1564,322,1.5,oz,653
1565,322,0.5,oz,1078
1566,322,0.5,oz,1115
1567,322,.75,oz,178
1568,323,1,oz,1076
1569,323,3,dash,976
1570,323,5,oz,763
1571,324,5,,638
1572,324,3,,66
1573,324,1.5,oz,984
1574,324,1,oz,714
1575,324,1,oz,907
1576,324,.5,oz,936
1577,325,2,oz,1146
1578,325,.5,oz,860
1579,325,2,dash,853
1580,325,,,684
1581,326,1.5,oz,1027
1582,326,4,,461
1583,326,1,,1169
1584,326,.5,oz,43
1585,326,1,,462
1586,327,1.5,oz,547
1587,327,.75,oz,1078
1588,327,1.5,oz,103
1589,327,,,881
1590,327,,,683
1591,328,1.5,oz,115
1592,328,.75,oz,1027
1593,328,.5,oz,254
1594,328,4,oz,138
1595,328,3,oz,1073
1596,328,2,dash,447
1597,329,1.25,oz,122
1598,329,.75,oz,1208
1599,329,4,sprigs,344
1600,329,1,,191
1601,330,1,oz,528
1602,330,1,oz,279
1603,330,1,oz,1124
1604,330,2,oz,966
1605,330,,,1005
1606,331,1.5,oz,494
1607,331,.5,oz,907
1608,331,.75,oz,581
1609,331,.75,oz,322
1610,331,2,dash,976
1611,331,2,oz,966
1612,332,35,ml,1076
1613,332,140,ml,611
1614,333,1,oz,1076
1615,333,4,oz,611
1616,334,1.5,oz,222
1617,334,3,oz,1110
1618,334,1,splash,855
1619,334,1,,592
1620,335,1,oz,653
1621,335,1,oz,95
1622,335,.5,oz,1208
1623,335,.5,oz,89
1624,335,2,dash,447
1625,336,1.5,oz,581
1626,336,.75,oz,878
1627,336,3,oz,823
1628,336,,,708
1629,337,1.5,oz,922
1630,337,.5,oz,424
1631,337,.5,oz,867
1632,337,7,dash,1151
1633,338,1,oz,653
1634,338,1,oz,1124
1635,338,1,oz,279
1636,339,.75,oz,262
1637,339,.75,oz,1124
1638,339,.75,oz,1208
1639,339,.75,oz,1081
1640,340,1,oz,79
1641,340,1.25,oz,722
1642,340,.25,oz,188
1643,340,1,dash,1069
1644,341,1.5,oz,1027
1645,341,.5,oz,340
1646,341,,,373
1647,342,1.5,oz,678
1648,342,2-3,drops,440
1649,342,,,717
1650,343,1.5,oz,627
1651,343,.75,oz,786
1652,343,.5,oz,1126
1653,343,1,oz,285
1654,343,.5,oz,532
1655,343,.5,oz,967
1656,344,3,oz,611
1657,344,1,oz,398
1658,344,.33,oz,910
1659,344,1,tsp,827
1660,345,2,oz,262
1661,345,,,397
1662,345,5,,1154
1663,346,1.5,oz,222
1664,346,1.5,oz,598
1665,346,5,oz,49
1666,346,1,dash,865
1667,347,1.5,oz,217
1668,347,.5,oz,1076
1669,347,2,oz,138
1670,347,1,wedge,907
1671,348,1.5,oz,653
1672,348,.75,oz,1208
1673,348,.5,oz,521
1674,348,.25,oz,1124
1675,348,1,dash,1151
1676,349,1.5,oz,1076
1677,349,,,1034
1678,349,2,dash,1151
1679,350,1.5,oz,653
1680,350,1,,553
1681,350,1,,1166
1682,351,1.5,oz,653
1683,351,,,1162
1684,351,.25,oz,754
1685,352,1.5,oz,262
1686,352,.75,oz,340
1687,352,.5,oz,2
1688,352,.5,oz,155
1689,352,.5,oz,832
1690,353,2.5,oz,262
1691,354,1.25,oz,298
1692,354,.5,oz,967
1693,354,,,803
1694,354,,,1178
1695,355,2,oz,441
1696,356,1.5,oz,111
1697,356,1,oz,827
1698,356,.25,oz,208
1699,356,.25,oz,464
1700,356,,,879
1701,357,1.5,oz,820
1702,357,3,,525
1703,358,.75,oz,64
1704,358,.75,oz,137
1705,358,.75,oz,827
1706,358,3,,920
1707,358,,,139
1708,359,3,oz,653
1709,359,1,tsp,1207
1710,359,1,,571
1711,360,.75,oz,1078
1712,360,.75,oz,287
1713,360,.5,oz,178
1714,360,1,,239
1715,360,2,scoop,1206
1716,361,1,oz,217
1717,361,.75,oz,1078
1718,361,2,scoop,938
1719,362,1.5,oz,1002
1720,362,1,oz,424
1721,362,2,dash,976
1722,362,1,splash,966
1723,363,1.5,oz,520
1724,363,.75,oz,464
1725,363,1,oz,827
1726,363,1,oz,137
1727,363,8,,771
1728,363,,,525
1729,364,2,oz,550
1730,364,2,oz,832
1731,364,1.5,oz,986
1732,365,1.25,oz,1002
1733,365,1.25,oz,1208
1734,365,.5,oz,740
1735,365,1,oz,663
1736,366,1,,1092
1737,366,10,,771
1738,366,.25,,731
1739,366,1,oz,808
1740,366,.75,oz,827
1741,366,.75,oz,202
1742,367,1.5,oz,547
1743,367,.75,oz,744
1744,367,,,538
1745,367,1,,685
1746,368,1,oz,1078
1747,368,1,oz,509
1748,368,.5,oz,322
1749,368,,,336
1750,368,,,45
1751,369,30,ml,1078
1752,369,20,ml,99
1753,369,20,ml,1208
1754,369,20,ml,1194
1755,369,2,dash,491
1756,370,2,part,291
1757,370,1,part,967
1758,370,1,part,307
1759,370,1,,707
1760,370,2,dash,1151
1761,371,1.5,oz,497
1762,371,1.5,oz,27
1763,371,3,oz,811
1764,371,1,Tbsp,293
1765,372,2.5,oz,1081
1766,372,1.5,oz,811
1767,372,1-2,Tbsp,293
1768,373,1-2,Tbsp,293
1769,373,1,,1122
1770,373,,,457
1771,374,3,oz,204
1772,374,1,,1156
1773,374,1,,1122
1774,374,1,Tbsp,293
1775,375,2,oz,98
1776,375,1,cube,1167
1777,375,1,splash,99
1778,376,3,,421
1779,376,1.5,oz,98
1780,376,.75,oz,832
1781,376,.5,oz,397
1782,376,.5,oz,573
1783,376,.5,oz,715
1784,376,.5,oz,86
1785,376,1,dash,1151
1786,377,1.5,oz,398
1787,377,.25,oz,1078
1788,377,.5,tsp,473
1789,377,3,dash,713
1790,377,1,dash,1151
1791,377,,,413
1792,378,1.5,oz,1078
1793,378,1,strip,130
1794,378,1,dash,827
1795,378,,,60
1796,379,,,944
1797,379,1.5,oz,494
1798,379,1,oz,931
1799,379,.75,oz,624
1800,379,.25,oz,486
1801,379,1,pinch,246
1802,380,.75,oz,653
1803,380,.75,oz,201
1804,380,.75,oz,182
1805,380,.75,oz,827
1806,380,,,413
1807,381,0.5,oz,620
1808,381,2,oz,398
1809,381,3,dash,757
1810,381,0.5,tsp,293
1811,382,50,ml,977
1812,382,20,ml,1078
1813,382,5,ml,438
1814,382,5,ml,827
1815,382,1,dash,500
1816,383,.75,oz,79
1817,383,1.5,oz,1183
1818,383,.5,oz,269
1819,383,1.5,oz,915
1820,383,2,dash,463
1821,384,.5,oz,217
1822,384,1.5,oz,581
1823,384,1,dash,636
1824,384,2,slices,1095
1825,384,2,oz,85
1826,385,1.5,oz,653
1827,385,.75,oz,1020
1828,385,.75,oz,56
1829,385,.25,oz,340
1830,385,,,143
1831,386,2,oz,1076
1832,386,5,oz,760
1833,386,5,oz,543
1834,387,2,oz,653
1835,387,.75,oz,827
1836,387,.25,oz,1170
1837,387,1.5,oz,432
1838,387,2,dash,1151
1839,388,1.5,oz,262
1840,388,.5,oz,827
1841,388,1,dash,397
1842,389,50,ml,1076
1843,389,25,ml,132
1844,389,1,slice,540
1845,389,4,,724
1846,390,2,oz,770
1847,390,.5,oz,128
1848,390,2,dash,529
1849,390,.25,oz,646
1850,391,1,oz,1076
1851,391,1,oz,262
1852,392,1,,734
1853,392,1,oz,424
1854,392,1/2,oz,1078
1855,392,1/4,oz,166
1856,393,1.5,oz,262
1857,393,.5,oz,1208
1858,393,.25,oz,1076
1859,393,1,dash,1151
1860,394,1.5,oz,1076
1861,394,3,oz,776
1862,394,1,dash,1151
1863,395,1.5,oz,653
1864,395,.5,oz,1076
1865,395,1,oz,231
1866,395,.25,oz,504
1867,395,.25,oz,254
1868,395,1,dash,1121
1869,395,1,splash,1187
1870,396,1.5,oz,619
1871,396,.25,oz,1064
1872,396,.25,oz,322
1873,396,.25,oz,397
1874,396,1,,1066
1875,396,2,dash,491
1876,397,2,oz,547
1877,397,1.5,oz,967
1878,397,1,oz,164
1879,398,1,oz,589
1880,398,1,oz,528
1881,398,.75,oz,166
1882,398,.25,oz,613
1883,399,1.5,oz,291
1884,399,.75,oz,279
1885,399,.25,oz,1078
1886,399,.75,oz,827
1887,399,1,dash,475
1888,400,2,oz,398
1889,400,1,oz,1036
1890,400,.5,tsp,677
1891,400,.5,tsp,249
1892,401,2,oz,770
1893,401,1,oz,775
1894,401,.75,oz,182
1895,401,.75,oz,827
1896,401,.75,oz,832
1897,401,.75,oz,555
1898,402,1,oz,30
1899,402,.5,oz,6
1900,402,.5,oz,926
1901,402,.5,oz,1018
1902,402,8,leaves,1154
1903,403,1.5,oz,494
1904,403,.5,oz,162
1905,403,.75,oz,1119
1906,403,.5,oz,827
1907,403,,,849
1908,404,2,oz,441
1909,404,1,oz,1036
1910,404,.75,oz,827
1911,404,.5,oz,978
1912,405,1.5,oz,494
1913,405,.75,oz,1124
1914,405,.25,oz,935
1915,405,.25,oz,810
1916,405,4,,339
1917,405,3,dash,1151
1918,406,1.5,oz,653
1919,406,.5,oz,1076
1920,406,.5,oz,796
1921,406,.25,oz,907
1922,406,1,oz,691
1923,407,1.5,oz,550
1924,407,.5,oz,328
1925,407,.25,oz,621
1926,407,.25,oz,907
1927,407,.5,oz,1176
1928,408,2,oz,627
1929,408,.5,oz,736
1930,408,.5,oz,340
1931,408,1,oz,1136
1932,408,3,dash,467
1933,409,1,oz,494
1934,409,1,oz,754
1935,409,.5,oz,100
1936,409,.5,oz,71
1937,409,,,29
1938,410,1,oz,494
1939,410,1,,791
1940,410,1/2,oz,166
1941,410,,,1117
1942,411,1.5,oz,653
1943,411,.5,oz,1078
1944,411,1,oz,466
1945,411,.25,oz,71
1946,411,1,dash,636
1947,412,1,oz,759
1948,412,1,oz,1027
1949,412,1,splash,827
1950,412,1,splash,1081
1951,413,1,oz,722
1952,413,.5,oz,1047
1953,413,.5,oz,279
1954,413,.75,oz,877
1955,413,.5,oz,106
1956,414,1.5,oz,494
1957,414,1,oz,926
1958,414,.5,oz,971
1959,414,2,dash,491
1960,415,1.5,oz,653
1961,415,.5,oz,860
1962,415,.5,oz,166
1963,415,1,dash,636
1964,416,1.5,oz,653
1965,416,.5,oz,166
1966,416,.5,oz,187
1967,416,.25,oz,71
1968,416,1,dash,559
1969,417,2,oz,594
1970,417,.75,oz,166
1971,417,.5,oz,828
1972,417,.5,oz,913
1973,417,1.5,oz,665
1974,418,2,oz,594
1975,418,1,oz,827
1976,418,.75,oz,656
1977,418,.5,oz,668
1978,419,1.5,oz,398
1979,419,.5,oz,581
1980,419,.5,oz,1076
1981,419,.5,oz,166
1982,419,1,oz,631
1983,420,1.5,oz,653
1984,420,.75,oz,398
1985,420,.75,oz,581
1986,420,.5,oz,1076
1987,420,.5,oz,967
1988,421,1.25,oz,126
1989,421,1,oz,860
1990,421,.25,tsp,464
1991,421,1,Tbsp,340
1992,421,1,,86
1993,422,1.5,oz,653
1994,422,.75,oz,581
1995,422,.5,oz,1180
1996,422,1,oz,254
1997,422,4,,920
1998,423,.75,oz,1078
1999,423,.75,oz,494
2000,423,.75,oz,2
2001,423,.75,oz,967
2002,424,1.5,oz,653
2003,424,.75,oz,581
2004,424,.75,oz,166
2005,424,.5,oz,86
2006,425,1.5,oz,375
2007,425,.75,oz,528
2008,425,.5,oz,1027
2009,425,1,oz,730
2010,425,.5,oz,936
2011,426,1.5,oz,1002
2012,426,.75,oz,1027
2013,426,.5,oz,1076
2014,426,.75,oz,178
2015,426,.5,oz,936
2016,427,1.5,oz,565
2017,427,.5,oz,494
2018,427,.75,oz,581
2019,427,.5,oz,907
2020,427,1,dash,806
2021,428,1.5,oz,565
2022,428,.5,oz,653
2023,428,.5,oz,1078
2024,428,.5,oz,907
2025,428,2,dash,364
2026,429,1.5,oz,799
2027,429,.75,oz,528
2028,429,1,oz,730
2029,429,.5,oz,601
2030,429,.5,oz,936
2031,429,7,dash,383
2032,430,1.25,oz,494
2033,430,.5,oz,967
2034,430,.5,oz,410
2035,430,.25,oz,71
2036,431,1,oz,494
2037,431,.5,oz,876
2038,431,.75,oz,716
2039,431,.75,oz,827
2040,431,.5,oz,249
2041,432,.5,oz,1076
2042,432,.5,oz,248
2043,432,.5,oz,361
2044,432,.5,oz,939
2045,432,.5,oz,1020
2046,432,.5,oz,340
2047,432,2,dash,181
2048,432,2,oz,11
2049,433,20,ml,1058
2050,433,15,ml,1076
2051,433,20,ml,627
2052,433,20,ml,978
2053,433,15,ml,340
2054,433,4,,1154
2055,433,,,28
2056,434,50,ml,398
2057,434,25,ml,1185
2058,434,25,ml,893
2059,435,1.5,oz,398
2060,435,.5,oz,362
2061,435,.25,oz,1099
2062,435,.25,oz,1027
2063,435,.5,oz,827
2064,435,.25,oz,397
2065,436,1.5,oz,453
2066,436,1,oz,379
2067,436,.5,oz,1081
2068,436,.5,oz,827
2069,436,.75,oz,438
2070,436,2,dash,1151
2071,437,2,oz,262
2072,437,.25,oz,925
2073,437,1,oz,1209
2074,437,.5,oz,1198
2075,437,.5,oz,26
2076,437,2,dash,1151
2077,437,2,oz,22
2078,438,1,oz,547
2079,438,1,oz,79
2080,438,.5,oz,580
2081,438,.5,oz,827
2082,438,,,918
2083,439,2,oz,236
2084,439,.25,oz,455
2085,439,.75,oz,827
2086,439,.5,oz,522
2087,439,1,dash,1151
2088,440,1,oz,751
2089,440,1,oz,1078
2090,440,1,oz,296
2091,440,1,oz,827
2092,441,1,oz,1076
2093,441,1,oz,561
2094,441,.5,oz,178
2095,441,.5,oz,503
2096,441,1,dash,572
2097,442,1.5,oz,594
2098,442,1,oz,532
2099,442,.25,oz,397
2100,442,.25,oz,1078
2101,442,1,dash,1179
2102,443,45,ml,1208
2103,443,15,ml,581
2104,443,20,ml,1197
2105,444,1.5,oz,653
2106,444,.5,oz,667
2107,444,.75,oz,574
2108,444,,,994
2109,444,,,183
2110,445,2,oz,494
2111,445,1,oz,340
2112,445,.75,oz,2
2113,445,.75,oz,397
2114,446,1,oz,841
2115,446,1,oz,94
2116,446,.75,oz,668
2117,446,.75,oz,245
2118,446,.25,oz,1027
2119,446,.75,oz,13
2120,446,.5,oz,1090
2121,447,1.5,oz,494
2122,447,1.5,oz,517
2123,447,.75,oz,340
2124,447,.25,oz,397
2125,447,1,dash,629
2126,448,2,oz,984
2127,448,1.5,oz,1204
2128,448,1,oz,441
2129,448,1,oz,149
2130,448,.75,oz,302
2131,448,.75,oz,254
2132,448,4,,1113
2133,449,1.5,oz,619
2134,449,1,oz,214
2135,449,.5,oz,417
2136,449,.5,oz,960
2137,449,1,dash,1151
2138,449,1,tsp,826
2139,450,2,oz,775
2140,450,.5,oz,926
2141,450,.25,oz,1078
2142,450,.5,oz,311
2143,450,1,bsp,46
2144,451,1.5,oz,653
2145,451,.5,oz,893
2146,451,1,oz,1190
2147,451,.5,oz,397
2148,451,3,slices,130
2149,451,1,,114
2150,452,.5,oz,1076
2151,452,1.5,oz,170
2152,452,.75,oz,907
2153,452,.5,oz,646
2154,453,.75,oz,441
2155,453,.5,oz,340
2156,453,1,oz,494
2157,453,.5,oz,555
2158,453,1,dash,1151
2159,453,1,drop,644
2160,454,1.5,oz,470
2161,454,.75,oz,827
2162,454,.5,oz,584
2163,454,7,dash,9
2164,454,1,oz,590
2165,454,1,pinch,246
2166,455,1,oz,1103
2167,455,.25,oz,1078
2168,455,.5,oz,13
2169,455,.5,oz,416
2170,455,1,dash,9
2171,455,3,oz,765
2172,456,.75,oz,619
2173,456,.75,oz,1208
2174,456,.5,oz,216
2175,456,.5,oz,850
2176,456,.5,oz,26
2177,456,3,oz,765
2178,457,1.5,part,550
2179,457,1/2,part,65
2180,457,1/4,part,213
2181,457,1/2,part,13
2182,457,,,903
2183,458,1.5,oz,79
2184,458,.5,oz,155
2185,458,.5,oz,13
2186,458,.5,oz,306
2187,458,2,oz,890
2188,459,1.25,oz,494
2189,459,.5,oz,71
2190,459,.5,oz,166
2191,459,,,531
2192,460,1,oz,424
2193,460,1,oz,1027
2194,460,2,oz,709
2195,460,1,scoop,1015
2196,461,2,oz,653
2197,461,.5,oz,1078
2198,461,.5,oz,166
2199,461,.25,oz,1115
2200,462,1,oz,630
2201,462,1,oz,653
2202,462,.5,oz,269
2203,462,.25,oz,296
2204,463,2,oz,398
2205,463,1,oz,166
2206,463,1,oz,1009
2207,463,4,dash,952
2208,464,1.5,oz,653
2209,464,1.5,oz,1124
2210,464,2,dash,217
2211,465,1,oz,424
2212,465,1,oz,468
2213,465,1,oz,847
2214,465,.5,oz,1089
2215,466,.75,oz,217
2216,466,.34,oz,627
2217,466,1.5,oz,377
2218,466,2,oz,1004
2219,467,1.5,oz,424
2220,467,1,oz,166
2221,467,.25,oz,164
2222,467,1,dash,692
2223,467,.5,oz,86
2224,468,1.5,oz,653
2225,468,.5,oz,1208
2226,468,.25,oz,581
2227,468,.25,oz,217
2228,468,3,oz,832
2229,468,.5,oz,967
2230,468,2,dash,447
2231,469,1.5,oz,1002
2232,469,.75,oz,1027
2233,469,.5,oz,1076
2234,469,.75,oz,166
2235,469,.5,oz,86
2236,470,1,part,1079
2237,470,3,part,398
2238,471,1,oz,961
2239,471,1,oz,1076
2240,471,.5,oz,166
2241,471,.5,oz,659
2242,472,.5,oz,1208
2243,472,.25,oz,1078
2244,472,.5,oz,870
2245,472,1.25,oz,1013
2246,472,.25,oz,907
2247,472,.5,oz,466
2248,472,.25,oz,646
2249,472,2,dash,713
2250,473,1,oz,568
2251,473,.5,oz,639
2252,473,.5,oz,1076
2253,473,2,oz,1200
2254,473,,,1028
2255,474,1.5,oz,468
2256,474,1,oz,1027
2257,474,1,oz,601
2258,474,2,oz,40
2259,474,2,dash,447
2260,474,1,,569
2261,475,1.5,oz,95
2262,475,.75,oz,528
2263,475,.25,oz,657
2264,475,1.5,oz,1188
2265,475,2,oz,773
2266,476,1.5,oz,217
2267,476,.75,oz,667
2268,476,.75,oz,178
2269,476,4,oz,1193
2270,477,1.5,oz,494
2271,477,.75,oz,166
2272,477,.25,oz,397
2273,477,.75,oz,410
2274,477,.5,oz,403
2275,477,,,406
2276,478,1.5,oz,1003
2277,478,.75,oz,860
2278,478,.25,oz,1078
2279,478,.5,oz,178
2280,478,1,Tbsp,193
2281,479,2,oz,653
2282,479,.5,oz,219
2283,479,.5,oz,195
2284,479,.5,oz,166
2285,480,.75,oz,317
2286,480,.75,oz,2
2287,480,.75,oz,1078
2288,480,.75,oz,166
2289,481,.75,oz,407
2290,481,.75,oz,2
2291,481,.75,oz,1078
2292,481,.75,oz,967
2293,482,.75,oz,546
2294,482,.75,oz,2
2295,482,.75,oz,1078
2296,482,.75,oz,827
2297,483,2,oz,775
2298,483,.75,oz,1076
2299,483,1,whole,863
2300,484,.25,oz,1208
2301,484,.5,oz,653
2302,484,.25,oz,1020
2303,484,1,,585
2304,485,2,oz,494
2305,485,.5,oz,581
2306,485,.5,oz,827
2307,485,1,,86
2308,486,1.5,oz,653
2309,486,.25,oz,827
2310,486,.25,oz,71
2311,486,.25,oz,1115
2312,486,.25,oz,1078
2313,487,1.5,oz,653
2314,487,.25,oz,827
2315,487,.25,oz,71
2316,487,.25,oz,1208
2317,487,.25,oz,1078
2318,488,2,oz,494
2319,488,6,dash,284
2320,488,3,dash,976
2321,488,1,dash,555
2322,488,1,,86
2323,489,1.5,oz,398
2324,489,1,oz,1040
2325,489,.5,oz,967
2326,489,.5,oz,1116
2327,489,,,492
2328,490,1.5,oz,171
2329,490,.5,oz,1076
2330,490,.25,oz,967
2331,490,.25,oz,1078
2332,490,1,bsp,0
2333,490,,,68
2334,491,1.5,oz,550
2335,491,.5,oz,70
2336,491,.5,oz,426
2337,491,.5,oz,437
2338,491,5,dash,1104
2339,492,1.5,oz,494
2340,492,1,oz,911
2341,492,.75,oz,552
2342,492,.5,oz,827
2343,492,,,140
2344,493,1.5,oz,653
2345,493,.5,oz,557
2346,493,.5,oz,1075
2347,493,.5,oz,493
2348,493,.5,oz,907
2349,493,2,dashes,539
2350,494,1,oz,627
2351,494,1,oz,1076
2352,494,.75,oz,693
2353,494,.75,oz,827
2354,495,1.5,oz,550
2355,495,.75,oz,967
2356,495,.5,oz,532
2357,495,.5,oz,1078
2358,496,2,oz,1027
2359,496,1,oz,951
2360,496,.5,oz,695
2361,496,1,,0
2362,496,,,778
2363,497,2,oz,1027
2364,497,1,oz,166
2365,497,.75,oz,397
2366,497,.5,oz,86
2367,498,.75,oz,379
2368,498,.75,oz,1078
2369,498,.75,oz,500
2370,498,.75,oz,340
2371,499,2,oz,180
2372,499,.25,oz,1027
2373,499,1,tsp,860
2374,499,.75,oz,340
2375,499,.25,oz,438
2376,499,.25,oz,837
2377,500,1.5,oz,653
2378,500,.75,oz,646
2379,500,.75,oz,311
2380,501,1.5,oz,653
2381,501,.75,oz,201
2382,501,.75,oz,314
2383,501,.75,oz,166
2384,502,2.25,oz,653
2385,502,.75,oz,298
2386,502,.5,oz,201
2387,503,1.5,oz,1010
2388,503,.5,oz,340
2389,503,1.5,oz,940
2390,503,2,dash,1151
2391,503,1,,235
2392,504,2,oz,398
2393,504,.75,oz,907
2394,504,.5,oz,2
2395,504,.25,oz,646
2396,504,2,dash,636
2397,505,1.25,oz,434
2398,505,.75,oz,827
2399,505,.5,oz,942
2400,505,.5,oz,1076
2401,505,.5,oz,249
2402,505,1,,86
2403,506,1.5,oz,550
2404,506,.75,oz,646
2405,506,.75,oz,437
2406,506,.5,oz,867
2407,506,1,,50
2408,507,.75,oz,550
2409,507,.75,oz,1002
2410,507,.5,oz,1151
2411,507,.75,oz,827
2412,507,.75,oz,397
2413,508,1,,725
2414,508,3/4,oz,1031
2415,508,1/4,oz,1208
2416,508,3/4,oz,827
2417,509,1.75,oz,398
2418,509,1,oz,819
2419,509,.5,oz,827
2420,509,.25,oz,926
2421,509,.25,oz,656
2422,510,1.5,oz,298
2423,510,.75,oz,1076
2424,510,.5,oz,340
2425,510,.5,oz,843
2426,511,2,oz,398
2427,511,1,oz,827
2428,511,.75,oz,1010
2429,511,.5,oz,1078
2430,511,.5,oz,584
2431,511,1,bsp,217
2432,512,.75,oz,1079
2433,512,.75,oz,893
2434,512,.75,oz,398
2435,512,.375,oz,827
2436,512,.375,oz,340
2437,513,.75,oz,1078
2438,513,.75,oz,997
2439,513,.75,oz,217
2440,513,.75,oz,340
2441,513,1,,143
2442,514,1.5,oz,1076
2443,514,.75,oz,827
2444,514,.5,oz,217
2445,514,.25,oz,679
2446,515,2,oz,398
2447,515,1,oz,943
2448,515,.75,oz,827
2449,515,.5,oz,860
2450,515,3,dash,1151
2451,516,1.5,oz,477
2452,516,1,oz,340
2453,516,.5,oz,398
2454,516,.5,oz,943
2455,516,.5,oz,668
2456,516,2,dash,471
2457,517,1.5,oz,594
2458,517,.75,oz,656
2459,517,.75,oz,827
2460,517,3,dash,651
2461,518,1,oz,653
2462,518,1,oz,155
2463,518,.75,oz,550
2464,518,1,oz,767
2465,518,1,oz,311
2466,518,3,dash,636
2467,519,1,oz,494
2468,519,1,oz,294
2469,519,2,dash,745
2470,519,2,dash,667
2471,520,1,oz,627
2472,520,1,oz,1194
2473,520,.5,oz,26
2474,520,.5,oz,1093
2475,520,.5,oz,607
2476,520,.5,oz,588
2477,520,4,dash,1151
2478,521,2,oz,546
2479,521,.75,oz,588
2480,521,.75,oz,1208
2481,521,.5,oz,827
2482,521,10,drops,644
2483,522,2,oz,298
2484,522,.75,oz,340
2485,522,.5,oz,219
2486,522,.25,oz,1078
2487,522,5,drops,237
2488,523,2,oz,398
2489,523,.5,oz,52
2490,523,.75,oz,827
2491,523,.5,oz,607
2492,523,1,bsp,635
2493,523,2,dash,981
2494,524,1.75,oz,494
2495,524,.75,oz,827
2496,524,.5,oz,1020
2497,524,.5,oz,201
2498,524,.25,oz,1131
2499,524,.25,oz,53
2500,525,1,oz,610
2501,525,1,oz,1078
2502,525,.5,oz,521
2503,525,.5,oz,827
2504,525,.5,oz,913
2505,526,1,oz,759
2506,526,1,oz,977
2507,526,1,oz,1078
2508,526,.5,oz,121
2509,527,1.5,oz,253
2510,527,1,oz,1078
2511,527,.5,oz,801
2512,527,.25,oz,340
2513,528,2,oz,472
2514,528,.75,oz,924
2515,528,.75,oz,827
2516,528,1,tsp,431
2517,529,2,oz,494
2518,529,1,bsp,342
2519,529,.5,oz,907
2520,529,1,oz,1041
2521,529,.25,oz,646
2522,529,2,dash,539
2523,529,4,,414
2524,530,2,oz,627
2525,530,.75,oz,13
2526,530,.75,oz,160
2527,530,.75,oz,397
2528,530,3-4,,439
2529,530,3-4,,958
2530,530,1,pinch,246
2531,531,1.5,oz,449
2532,531,.5,oz,1027
2533,531,1,oz,967
2534,531,.25,oz,613
2535,532,1.5,oz,759
2536,532,.5,oz,1027
2537,532,.75,oz,774
2538,532,.75,oz,340
2539,533,1,oz,615
2540,533,1,oz,424
2541,533,.75,oz,391
2542,533,.75,oz,827
2543,534,2,oz,627
2544,534,.5,oz,166
2545,534,.5,oz,967
2546,534,.75,oz,164
2547,535,2,oz,653
2548,535,1,oz,1041
2549,535,.25,oz,555
2550,535,1,dash,602
2551,536,1.25,oz,268
2552,536,.5,oz,1076
2553,536,1.25,oz,395
2554,537,1.5,oz,494
2555,537,1,oz,450
2556,537,.5,oz,474
2557,537,.5,oz,827
2558,537,.5,,86
2559,538,2,oz,954
2560,538,1,oz,660
2561,538,1,oz,27
2562,539,1.5,oz,900
2563,539,.5,oz,1208
2564,539,.5,oz,478
2565,539,.5,oz,340
2566,540,1,oz,424
2567,540,1,oz,1120
2568,540,.5,oz,147
2569,540,.5,oz,827
2570,540,.75,oz,570
2571,541,1,oz,550
2572,541,.5,oz,311
2573,541,.5,oz,504
2574,542,1,bottle,134
2575,542,.3,bottle,1076
2576,542,3,Tbsp,84
2577,542,2,,12
2578,542,,,950
2579,542,1,,1148
2580,542,,,88
2581,542,1,stick,1174
2582,542,1,dash,326
2583,542,1,,787
2584,543,1,oz,458
2585,543,1,oz,1076
2586,543,.5,oz,951
2587,543,1,,921
2588,544,2,oz,550
2589,544,1,cube,258
2590,545,1,oz,79
2591,545,.75,oz,653
2592,545,1,bsp,57
2593,545,1.25,oz,648
2594,545,1,,979
2595,545,8,dash,757
2596,546,40,ml,550
2597,546,40,ml,955
2598,546,,,1176
2599,546,,,500
2600,546,,,612
2601,547,1,oz,494
2602,547,.75,oz,58
2603,547,.75,oz,907
2604,547,.25,oz,829
2605,547,.5,oz,646
2606,547,1,,936
2607,548,2,oz,1033
2608,548,1,oz,827
2609,548,.25,oz,916
2610,548,.25,oz,1078
2611,548,1,bsp,696
2612,549,.75,oz,79
2613,549,1.5,oz,379
2614,549,.5,oz,401
2615,549,1,dash,259
2616,550,1.5,oz,948
2617,550,.75,oz,465
2618,550,.75,oz,1076
2619,550,.5,oz,505
2620,551,750,ml,146
2621,551,5,sprigs,1201
2622,551,2,,1109
2623,551,1,,198
2624,551,1,Tbsp,444
2625,552,1,oz,653
2626,552,1,oz,754
2627,552,1,oz,279
2628,553,2,oz,627
2629,553,1,oz,886
2630,553,1,oz,624
2631,553,2,dash,1068
2632,553,2,dash,976
2633,554,1,oz,494
2634,554,1,oz,984
2635,554,1,oz,727
2636,554,.25,oz,646
2637,554,,,380
2638,554,3,drops,251
2639,555,1.5,oz,79
2640,555,.5,oz,117
2641,555,1,bsp,860
2642,555,1,dash,622
2643,555,1.25,oz,4
2644,556,1.75,oz,789
2645,556,.75,oz,174
2646,556,.5,oz,1076
2647,556,3,dash,420
2648,557,1,oz,398
2649,557,.5,oz,242
2650,557,.5,oz,568
2651,557,1,bsp,69
2652,557,3,dash,713
2653,558,2,oz,619
2654,558,.75,oz,521
2655,558,.25,oz,424
2656,558,1,bsp,1078
2657,558,1,dash,1151
2658,559,1.5,oz,770
2659,559,.75,oz,441
2660,559,.25,oz,65
2661,559,1,dash,1151
2662,560,2,oz,398
2663,560,.5,oz,591
2664,560,.25,oz,65
2665,560,.25,oz,1111
2666,560,1,dash,620
2667,560,1,dash,713
2668,561,2,oz,398
2669,561,.75,oz,753
2670,561,.75,oz,498
2671,561,1,dash,1042
2672,562,.5,oz,398
2673,562,.5,oz,317
2674,562,.5,oz,1194
2675,562,.5,oz,1185
2676,562,1,tsp,372
2677,562,2,dash,1151
2678,562,1,dash,1069
2679,563,1.5,oz,627
2680,563,.75,oz,360
2681,563,.75,oz,347
2682,563,2,dash,412
2683,564,2,oz,398
2684,564,1,oz,815
2685,564,1,dash,1151
2686,564,3,drops,1118
2687,565,2,oz,770
2688,565,1,dash,1078
2689,565,1,dash,614
2690,566,1.5,oz,615
2691,566,.5,oz,260
2692,566,.25,oz,252
2693,566,.25,oz,399
2694,566,1,dash,636
2695,567,.5,oz,423
2696,567,.5,oz,398
2697,567,1,oz,662
2698,567,1,oz,815
2699,567,,,883
2700,568,1.5,oz,398
2701,568,1,oz,279
2702,568,.5,oz,1191
2703,569,2,oz,470
2704,569,.75,oz,931
2705,569,1,spoon,1078
2706,569,1,dash,636
2707,569,2,dash,227
2708,570,1.5,oz,770
2709,570,.5,oz,63
2710,570,.5,oz,968
2711,570,15,dash,289
2712,571,1,oz,653
2713,571,1,oz,871
2714,571,1,oz,860
2715,572,1.5,oz,513
2716,572,.75,oz,241
2717,572,.75,oz,129
2718,572,3,dash,891
2719,573,2,oz,697
2720,573,1,oz,512
2721,573,2,dash,757
2722,574,1.5,oz,272
2723,574,1,oz,779
2724,574,.5,oz,1076
2725,574,3,dash,713
2726,575,1.5,oz,615
2727,575,.75,oz,1108
2728,575,.5,oz,1098
2729,575,4,drops,415
2730,576,1.5,oz,494
2731,576,.75,oz,521
2732,576,.75,oz,893
2733,576,1,dash,869
2734,577,1.5,oz,547
2735,577,1,oz,418
2736,577,.5,oz,677
2737,577,3,dash,456
2738,578,1.5,oz,653
2739,578,1,oz,899
2740,578,.5,oz,441
2741,578,.5,oz,490
2742,579,2.25,oz,653
2743,579,.75,oz,2
2744,579,3,dash,539
2745,580,2,oz,770
2746,580,.5,oz,252
2747,580,2,dash,1151
2748,581,1.5,oz,477
2749,581,.75,oz,424
2750,581,.75,oz,581
2751,582,1.5,oz,830
2752,582,.75,oz,424
2753,582,.75,oz,1078
2754,583,1.5,oz,1147
2755,583,.5,oz,1078
2756,583,1,oz,753
2757,583,1,dash,976
2758,584,2,oz,619
2759,584,.5,oz,1078
2760,584,.75,oz,1085
2761,584,2,dash,644
2762,584,,,1141
2763,585,1.5,oz,550
2764,585,.5,oz,770
2765,585,.5,oz,713
2766,585,.5,oz,1078
2767,586,1.5,oz,398
2768,586,.75,oz,956
2769,586,.5,oz,676
2770,586,.25,oz,1111
2771,586,2,dash,471
2772,587,1.5,oz,1208
2773,587,6,oz,345
2774,588,2,oz,627
2775,588,.75,oz,886
2776,588,.75,oz,129
2777,588,2,dash,757
2778,589,2,oz,627
2779,589,.75,oz,581
2780,589,.75,oz,424
2781,589,3,dash,757
2782,590,30,ml,550
2783,590,15,ml,403
2784,590,15,ml,425
2785,590,2,dash,713
2786,591,2.5,oz,770
2787,591,.5,oz,504
2788,591,.5,oz,37
2789,591,,,243
2790,592,1.5,oz,470
2791,592,1,oz,362
2792,592,.5,oz,723
2793,593,2,oz,494
2794,593,1,oz,521
2795,593,1-2,dash,976
2796,594,4,oz,1222
2797,594,1,oz,934
2798,594,.5,oz,1078
2799,594,4,dash,471
2800,594,1,bsp,424
2801,595,1.5,oz,494
2802,595,.75,oz,753
2803,595,.5,oz,356
2804,595,2,drops,93
2805,595,1,drop,1152
2806,596,1,oz,860
2807,596,1.5,oz,477
2808,596,2,oz,304
2809,597,1,oz,468
2810,597,1,oz,912
2811,597,.5,oz,860
2812,597,.5,oz,1208
2813,597,2,dash,447
2814,598,1,oz,860
2815,598,1,oz,615
2816,598,1,oz,653
2817,599,2,oz,615
2818,599,1,bsp,65
2819,599,1,bsp,2
2820,599,1,bsp,584
2821,599,2,dash,1151
2822,600,1.5,oz,459
2823,600,.75,oz,654
2824,600,.75,oz,1076
2825,601,2,oz,98
2826,601,1,oz,1036
2827,601,.25,oz,1078
2828,601,6,dash,9
2829,602,1,oz,800
2830,602,1,oz,1220
2831,602,.75,oz,298
2832,602,.25,oz,656
2833,603,1.25,oz,247
2834,603,.75,oz,984
2835,603,.75,oz,793
2836,603,.25,oz,155
2837,604,.75,oz,494
2838,604,.75,oz,1078
2839,604,.75,oz,713
2840,604,.75,oz,867
2841,605,1.25,oz,329
2842,605,1,oz,499
2843,605,.25,oz,905
2844,605,.5,oz,212
2845,606,1.5,oz,97
2846,606,1,oz,441
2847,606,.5,oz,993
2848,606,3,dash,749
2849,607,1.5,oz,398
2850,607,1,oz,453
2851,607,.5,oz,677
2852,607,3,dash,618
2853,608,1.5,oz,494
2854,608,1.5,oz,521
2855,608,.25,oz,1078
2856,608,2,dash,976
2857,609,.25,oz,1163
2858,609,2,oz,1003
2859,609,.25,oz,229
2860,610,2,oz,1194
2861,610,.25,oz,742
2862,610,.25,oz,827
2863,610,1,bsp,581
2864,610,1,bsp,1078
2865,610,3,dash,1112
2866,611,1.5,oz,74
2867,611,.75,oz,827
2868,611,.5,oz,627
2869,611,.5,oz,943
2870,611,2,oz,855
2871,612,2,oz,627
2872,612,.5,oz,813
2873,612,.5,oz,814
2874,613,2,oz,892
2875,613,.75,oz,403
2876,613,.5,oz,1010
2877,613,5,dash,976
2878,614,1,oz,627
2879,614,.75,oz,1124
2880,614,.5,oz,470
2881,614,.5,oz,201
2882,614,1,dash,632
2883,615,2,oz,998
2884,615,.5,oz,573
2885,615,.25,oz,1078
2886,615,.25,oz,632
2887,616,2.25,oz,977
2888,616,2.25,oz,521
2889,616,.75,oz,860
2890,616,.75,oz,121
2891,617,.5,oz,1027
2892,617,.5,oz,624
2893,617,.5,oz,521
2894,618,1.5,oz,619
2895,618,.75,oz,908
2896,618,.75,oz,1036
2897,618,.25,oz,824
2898,618,1,dash,1151
2899,619,2,oz,526
2900,619,.25,oz,1106
2901,619,.25,oz,1094
2902,619,.75,oz,816
2903,619,1,tsp,766
2904,620,1.75,oz,494
2905,620,.75,oz,521
2906,620,.25,oz,157
2907,620,1,dash,757
2908,621,1.5,oz,398
2909,621,.75,oz,33
2910,621,.75,oz,446
2911,621,2,dash,976
2912,622,1.5,oz,619
2913,622,.75,oz,701
2914,622,.75,oz,173
2915,622,2,dash,919
2916,623,1.5,oz,653
2917,623,.5,oz,754
2918,623,.25,oz,913
2919,623,1,bsp,480
2920,623,2,dash,1151
2921,624,2,oz,619
2922,624,.75,oz,754
2923,624,.75,oz,424
2924,625,.75,oz,129
2925,625,.75,oz,653
2926,625,.75,oz,1124
2927,626,2,oz,550
2928,626,.25,oz,646
2929,626,2,oz,823
2930,626,1,,156
2931,626,,,958
2932,626,1,whole,13
2933,626,,,124
2934,627,750,ml,146
2935,627,5,oz,1056
2936,627,9,oz,843
2937,627,9,oz,801
2938,627,4,oz,297
2939,627,3,,787
2940,627,5,,107
2941,627,4,,1024
2942,627,3,,962
2943,627,2,oz,927
2944,628,1,oz,653
2945,628,1,oz,498
2946,628,.5,oz,1010
2947,628,.5,oz,1076
2948,628,.25,oz,700
2949,628,.5,oz,166
2950,628,,,761
2951,629,1.5,oz,594
2952,629,.5,oz,681
2953,629,.5,oz,254
2954,629,.5,oz,646
2955,630,1.5,oz,79
2956,630,1,oz,201
2957,630,.5,oz,494
2958,631,1,oz,528
2959,631,1,oz,780
2960,632,2,oz,1203
2961,632,1,tsp,710
2962,632,4,drops,334
2963,632,1,peel,1049
2964,633,2,oz,398
2965,633,1,oz,314
2966,633,1,oz,807
2967,634,1,oz,98
2968,634,1,oz,545
2969,634,.5,oz,65
2970,634,1,tincture,1151
2971,634,1,tincture,713
2972,634,1,pc,633
2973,634,1,pc,804
2974,634,,,1160
2975,635,1.5,oz,1060
2976,635,.5,oz,1076
2977,635,.5,oz,1131
2978,635,.25,oz,340
2979,635,,,669
2980,636,1,oz,1076
2981,636,1,oz,262
2982,636,.75,oz,225
2983,636,.75,oz,827
2984,636,2,dash,1151
2985,637,.5,oz,494
2986,637,.5,oz,279
2987,637,.5,oz,893
2988,637,.5,oz,521
2989,637,1,scoop,390
2990,637,2,drops,502
2991,638,2,cups,359
2992,638,6,packages,34
2993,638,1.25,cup,1027
2994,638,.25,cup,254
2995,638,.5,cup,1223
2996,639,12,bottles,398
2997,639,4,bottles,860
2998,639,1,bottle,1076
2999,639,1,bottle,403
3000,639,4,bottles,907
3001,640,2,oz,874
3002,640,.5,oz,784
3003,640,.5,oz,537
3004,640,2,dash,976
3005,640,2,dash,301
3006,641,2,oz,98
3007,641,2,oz,666
3008,641,1,,901
3009,641,1,,47
3010,641,1,,381
3011,641,1,,427
3012,641,1,,280
3013,641,1,,840
3014,641,1,,649
3015,641,1,,168
3016,641,1,,35
3017,642,1,oz,1027
3018,642,.25,oz,104
3019,642,2,oz,550
3020,642,1,oz,653
3021,642,1,oz,393
3022,642,2,oz,1020
3023,642,2,oz,832
3024,643,2,oz,550
3025,643,1.5,oz,163
3026,643,,,795
3027,644,1.5,oz,775
3028,644,.5,oz,599
3029,644,.5,oz,1208
3030,644,.5,oz,178
3031,644,.25,oz,378
3032,644,1,,936
3033,644,4,dash,1061
3034,645,1,oz,653
3035,645,.5,oz,599
3036,645,.5,oz,1027
3037,645,.5,oz,515
3038,645,.25,oz,528
3039,645,1,dash,220
3040,645,1,whole,863
3041,646,1.5,oz,770
3042,646,.5,oz,1027
3043,646,.5,oz,279
3044,646,.5,oz,217
3045,646,.25,oz,396
3046,646,,,256
3047,647,1.5,oz,403
3048,647,.5,oz,860
3049,647,.5,oz,667
3050,647,.75,oz,178
3051,647,4,dash,576
3052,647,1,,316
3053,647,6,,261
3054,648,1.5,oz,409
3055,648,.5,oz,494
3056,648,.75,oz,1020
3057,648,.5,oz,203
3058,648,.25,oz,528
3059,648,1,dash,1151
3060,649,1,oz,403
3061,649,.5,oz,860
3062,649,1,oz,737
3063,649,1,oz,558
3064,649,.75,oz,827
3065,649,.5,oz,494
3066,649,.5,oz,1053
3067,649,15,microdrops,981
3068,650,1.5,oz,547
3069,650,.5,oz,645
3070,651,,,262
3071,651,,,295
3072,651,,,106
3073,651,,,417
3074,652,1.5,oz,262
3075,652,1,oz,762
3076,652,.75,oz,827
3077,652,.75,oz,165
3078,652,,,325
3079,653,1,oz,1076
3080,653,.5,oz,653
3081,653,.75,oz,859
3082,653,.25,oz,748
3083,653,3,oz,1080
3084,654,2,oz,1002
3085,654,1,oz,71
3086,654,1,dash,636
3087,655,1.5,oz,653
3088,655,.5,oz,521
3089,655,.5,oz,1076
3090,655,.75,oz,176
3091,655,.75,oz,688
3092,655,.5,oz,397
3093,655,,,421
3094,656,1.5,oz,550
3095,656,2,oz,1081
3096,656,1,,346
3097,657,1.5,oz,98
3098,657,1,oz,733
3099,657,.5,oz,330
3100,657,2,oz,417
3101,657,3,dash,1104
3102,658,1.5,oz,1076
3103,658,.5,oz,851
3104,658,.5,oz,466
3105,658,.5,oz,907
3106,658,.5,oz,424
3107,658,1,dash,20
3108,659,2,oz,619
3109,659,.25,oz,372
3110,659,1,dash,636
3111,660,1.5,oz,653
3112,660,1,oz,403
3113,660,.75,oz,1124
3114,660,1,dash,692
3115,660,1,pinch,238
3116,661,1.5,oz,547
3117,661,.5,oz,860
3118,661,.75,oz,311
3119,661,1,oz,14
3120,661,.5,oz,646
3121,661,1,oz,31
3122,662,2,oz,653
3123,662,1,oz,646
3124,662,.75,oz,311
3125,662,4,leaves,958
3126,662,,,153
3127,663,.75,oz,398
3128,663,.75,oz,581
3129,663,.5,oz,907
3130,663,.25,oz,646
3131,663,1,oz,611
3132,664,1.5,oz,984
3133,664,.5,oz,1208
3134,664,.25,oz,581
3135,664,.25,oz,65
3136,664,2,oz,996
3137,664,.5,oz,311
3138,664,.25,oz,555
3139,665,1.5,oz,477
3140,665,.5,oz,403
3141,665,3,oz,776
3142,666,.75,oz,262
3143,666,.75,oz,1208
3144,666,.75,oz,573
3145,666,.75,oz,726
3146,667,4,oz,1063
3147,667,1,oz,581
3148,667,4,oz,1209
3149,667,2,oz,654
3150,667,1,oz,205
3151,667,,,704
3152,667,,,1151
3153,668,1.5,oz,653
3154,668,,,1162
3155,669,1,,1196
3156,669,1,cup,144
3157,669,5,Tbsp,845
3158,669,1,tsp,721
3159,670,1.5,oz,477
3160,670,.5,oz,928
3161,670,.5,oz,581
3162,670,.5,oz,13
3163,670,.5,oz,1049
3164,670,,,325
3165,671,1,oz,770
3166,671,1,oz,607
3167,671,1,oz,394
3168,671,1,tsp,412
3169,672,2,oz,627
3170,672,1,oz,581
3171,672,1,oz,508
3172,673,2,oz,547
3173,673,6,oz,790
3174,673,.5,oz,340
3175,674,2,oz,627
3176,674,1,oz,894
3177,674,.5,oz,164
3178,674,.5,oz,581
3179,674,3,dash,861
3180,675,2,oz,619
3181,675,2,tsp,1143
3182,675,.125,tsp,15
3183,676,1.5,oz,627
3184,676,.5,oz,2
3185,676,.25,oz,624
3186,676,2,dash,704
3187,677,2,oz,830
3188,677,.5,oz,1000
3189,677,.5,oz,136
3190,677,.5,oz,100
3191,678,1,oz,494
3192,678,.75,oz,1076
3193,678,3,oz,532
3194,678,.5,oz,397
3195,678,.25,oz,166
3196,678,1,oz,855
3197,679,1,oz,494
3198,679,.5,oz,705
3199,679,.5,oz,1050
3200,679,1,dash,397
3201,679,.5,oz,1020
3202,679,.5,oz,827
3203,679,4,oz,902
3204,680,1.5,oz,308
3205,680,.75,oz,827
3206,680,.75,oz,1127
3207,680,.5,oz,995
3208,680,.5,oz,279
3209,681,1.5,oz,972
3210,681,.75,oz,279
3211,681,.75,oz,1205
3212,681,.25,oz,1078
3213,682,1.5,oz,79
3214,682,.75,oz,893
3215,682,1.5,oz,494
3216,683,1.5,oz,398
3217,683,.5,oz,286
3218,683,1,tsp,435
3219,683,1,tsp,729
3220,683,1,tsp,548
3221,683,1,dash,603
3222,684,1,oz,79
3223,684,1,oz,1202
3224,684,.25,oz,296
3225,684,.75,oz,827
3226,684,.5,oz,249
3227,684,,,492
3228,685,2,oz,317
3229,685,5,oz,867
3230,685,.5,oz,1078
3231,686,.75,oz,1078
3232,686,.75,oz,2
3233,686,.5,oz,698
